<?xml version="1.0" encoding="UTF-8"?>
<Server port="17000" shutdown="SHUTDOWN">
    <Listener className="org.apache.catalina.startup.VersionLoggerListener" />
    <Listener className="org.apache.catalina.core.AprLifecycleListener" SSLEngine="on" />
    <Listener className="org.apache.catalina.core.JreMemoryLeakPreventionListener" />
    <Listener className="org.apache.catalina.mbeans.GlobalResourcesLifecycleListener" />
    <Listener className="org.apache.catalina.core.ThreadLocalLeakPreventionListener" />

    <GlobalNamingResources>
        <Resource name="UserDatabase" auth="Container"
             type="org.apache.catalina.UserDatabase"
             description="User database that can be updated and saved"
             factory="org.apache.catalina.users.MemoryUserDatabaseFactory"
             pathname="conf/tomcat-users.xml" />
    </GlobalNamingResources>

    <Service name="Catalina">
        <Connector port="7000" protocol="HTTP/1.1"
		       enableLookups="false"
               acceptCount="5120"
               acceptorThreadCount="8"
               maxConnections="5120"
               maxThreads="512"
               URIEncoding="UTF-8"
               connectionTimeout="5000"/>

        <Engine name="Catalina" defaultHost="localhost">
            <Realm className="org.apache.catalina.realm.LockOutRealm">
            <Realm className="org.apache.catalina.realm.UserDatabaseRealm"
               resourceName="UserDatabase"/>
            </Realm>

            <Host name="localhost"  appBase="webapps"
                  unpackWARs="false" autoDeploy="false"
                  xmlValidation="false" xmlNamespaceAware="false">
                 <Valve className="org.apache.catalina.valves.AccessLogValve" directory="logs"
                      prefix="access.localhost." suffix=".log" pattern="common" resolveHosts="false"/>
                <Context path="location" docBase="/export/www/experss" >
                </Context> 

            </Host>
        </Engine>
    </Service>
</Server>
